{
  "Total" : {
    "transaction" : "Total",
    "sampleCount" : 50,
    "errorCount" : 0,
    "errorPct" : 0.0,
    "meanResTime" : 193.05999999999997,
    "medianResTime" : 115.0,
    "minResTime" : 108.0,
    "maxResTime" : 933.0,
    "pct1ResTime" : 454.8,
    "pct2ResTime" : 485.09999999999985,
    "pct3ResTime" : 933.0,
    "throughput" : 9.389671361502348,
    "receivedKBytesPerSec" : 49.27083333333333,
    "sentKBytesPerSec" : 1.7238849765258215
  },
  "HTTP Request" : {
    "transaction" : "HTTP Request",
    "sampleCount" : 50,
    "errorCount" : 0,
    "errorPct" : 0.0,
    "meanResTime" : 193.05999999999997,
    "medianResTime" : 115.0,
    "minResTime" : 108.0,
    "maxResTime" : 933.0,
    "pct1ResTime" : 454.8,
    "pct2ResTime" : 485.09999999999985,
    "pct3ResTime" : 933.0,
    "throughput" : 9.389671361502348,
    "receivedKBytesPerSec" : 49.27083333333333,
    "sentKBytesPerSec" : 1.7238849765258215
  }
}