{
  "HTTP Request-2" : {
    "transaction" : "HTTP Request-2",
    "sampleCount" : 15,
    "errorCount" : 0,
    "errorPct" : 0.0,
    "meanResTime" : 116.19999999999999,
    "medianResTime" : 116.0,
    "minResTime" : 112.0,
    "maxResTime" : 119.0,
    "pct1ResTime" : 119.0,
    "pct2ResTime" : 119.0,
    "pct3ResTime" : 119.0,
    "throughput" : 3.4277879341864717,
    "receivedKBytesPerSec" : 12.323968807129798,
    "sentKBytesPerSec" : 0.4452107375457038
  },
  "HTTP Request-1" : {
    "transaction" : "HTTP Request-1",
    "sampleCount" : 30,
    "errorCount" : 0,
    "errorPct" : 0.0,
    "meanResTime" : 116.23333333333333,
    "medianResTime" : 115.0,
    "minResTime" : 112.0,
    "maxResTime" : 141.0,
    "pct1ResTime" : 118.9,
    "pct2ResTime" : 128.89999999999998,
    "pct3ResTime" : 141.0,
    "throughput" : 6.167763157894737,
    "receivedKBytesPerSec" : 15.403145237972863,
    "sentKBytesPerSec" : 0.8040980288856908
  },
  "Total" : {
    "transaction" : "Total",
    "sampleCount" : 135,
    "errorCount" : 0,
    "errorPct" : 0.0,
    "meanResTime" : 217.39999999999998,
    "medianResTime" : 117.0,
    "minResTime" : 112.0,
    "maxResTime" : 1300.0,
    "pct1ResTime" : 468.40000000000003,
    "pct2ResTime" : 688.3999999999999,
    "pct3ResTime" : 1216.1199999999967,
    "throughput" : 22.325119894162395,
    "receivedKBytesPerSec" : 82.60326659914007,
    "sentKBytesPerSec" : 5.135552753431454
  },
  "HTTP Request-0" : {
    "transaction" : "HTTP Request-0",
    "sampleCount" : 30,
    "errorCount" : 0,
    "errorPct" : 0.0,
    "meanResTime" : 256.9333333333333,
    "medianResTime" : 117.0,
    "minResTime" : 112.0,
    "maxResTime" : 1067.0,
    "pct1ResTime" : 471.40000000000003,
    "pct2ResTime" : 838.1999999999997,
    "pct3ResTime" : 1067.0,
    "throughput" : 5.182242183451373,
    "receivedKBytesPerSec" : 7.278418660390396,
    "sentKBytesPerSec" : 1.3461683796856108
  },
  "HTTP Request" : {
    "transaction" : "HTTP Request",
    "sampleCount" : 60,
    "errorCount" : 0,
    "errorPct" : 0.0,
    "meanResTime" : 273.51666666666677,
    "medianResTime" : 172.5,
    "minResTime" : 113.0,
    "maxResTime" : 1300.0,
    "pct1ResTime" : 686.0,
    "pct2ResTime" : 708.5999999999999,
    "pct3ResTime" : 1300.0,
    "throughput" : 9.92227550851662,
    "receivedKBytesPerSec" : 54.327203830411776,
    "sentKBytesPerSec" : 2.8778474863568713
  }
}